Arthur Aragão;a.aragão@exemplo.com
Isaac Aragão;i.aragão@exemplo.com
André Moura;a.moura@exemplo.com
Evelyn Freitas;e.freitas@exemplo.com
Ryan Vieira;r.vieira@exemplo.com
Julia Castro;j.castro@exemplo.com
Miguel Farias;m.farias@exemplo.com
Sabrina Gonçalves;s.gonçalves@exemplo.com
Pedro Henrique Viana;p.henrique@exemplo.com
Dr. Luigi Barros;d.luigi@exemplo.com
Felipe Nunes;f.nunes@exemplo.com
Cecília Pereira;c.pereira@exemplo.com
Luiz Otávio Correia;l.otávio@exemplo.com
Agatha Cardoso;a.cardoso@exemplo.com
Rebeca Almeida;r.almeida@exemplo.com
Amanda Nogueira;a.nogueira@exemplo.com
Caroline da Rosa;c.da@exemplo.com
Erick Porto;e.porto@exemplo.com
Ana Beatriz Costa;a.beatriz@exemplo.com
Sra. Laís Almeida;s.laís@exemplo.com
Lorenzo das Neves;l.das@exemplo.com
Natália Pereira;n.pereira@exemplo.com
Noah Ribeiro;n.ribeiro@exemplo.com
Samuel Moura;s.moura@exemplo.com
Ana Julia Cavalcanti;a.julia@exemplo.com
Carolina Oliveira;c.oliveira@exemplo.com
Pedro Lucas Moura;p.lucas@exemplo.com
Sra. Ana Alves;s.ana@exemplo.com
Pietra da Cunha;p.da@exemplo.com
Melissa Barros;m.barros@exemplo.com
João Ribeiro;j.ribeiro@exemplo.com
Elisa Pires;e.pires@exemplo.com
Clara Pereira;c.pereira@exemplo.com
Enrico Silva;e.silva@exemplo.com
Luiz Felipe Viana;l.felipe@exemplo.com
Maria Clara Moraes;m.clara@exemplo.com
Vitória Nunes;v.nunes@exemplo.com
Ana Laura Duarte;a.laura@exemplo.com
Luiz Henrique da Rosa;l.henrique@exemplo.com
Paulo Moreira;p.moreira@exemplo.com
Luiz Felipe Aragão;l.felipe@exemplo.com
Ana Clara Pinto;a.clara@exemplo.com
Maysa Porto;m.porto@exemplo.com
Lívia Costela;l.costela@exemplo.com
Sr. Enzo da Rocha;s.enzo@exemplo.com
Davi Correia;d.correia@exemplo.com
Fernanda Vieira;f.vieira@exemplo.com
Arthur Cardoso;a.cardoso@exemplo.com
Larissa Lima;l.lima@exemplo.com
Luiz Gustavo da Conceição;l.gustavo@exemplo.com
Anthony Souza;a.souza@exemplo.com
Renan Monteiro;r.monteiro@exemplo.com
Bernardo Santos;b.santos@exemplo.com
Maria Alice Cunha;m.alice@exemplo.com
Maria Julia Carvalho;m.julia@exemplo.com
Dr. João Moura;d.joão@exemplo.com
João Pedro Lopes;j.pedro@exemplo.com
Pedro Henrique Barbosa;p.henrique@exemplo.com
Vitor Hugo Peixoto;v.hugo@exemplo.com
Diego da Luz;d.da@exemplo.com
Mirella Monteiro;m.monteiro@exemplo.com
Larissa Duarte;l.duarte@exemplo.com
Cecília Araújo;c.araújo@exemplo.com
Bruno Silva;b.silva@exemplo.com
Srta. Luana Gomes;s.luana@exemplo.com
Brenda Novaes;b.novaes@exemplo.com
Amanda da Paz;a.da@exemplo.com
Vinicius Gomes;v.gomes@exemplo.com
Thomas Castro;t.castro@exemplo.com
Laura Peixoto;l.peixoto@exemplo.com
Ana Nascimento;a.nascimento@exemplo.com
Luiz Gustavo Viana;l.gustavo@exemplo.com
Sophia Melo;s.melo@exemplo.com
Ana Júlia Santos;a.júlia@exemplo.com
Alexandre Araújo;a.araújo@exemplo.com
Lívia Barbosa;l.barbosa@exemplo.com
Bárbara Duarte;b.duarte@exemplo.com
João Gabriel das Neves;j.gabriel@exemplo.com
Vitor Santos;v.santos@exemplo.com
Maria Clara Fernandes;m.clara@exemplo.com
Gabriel Costa;g.costa@exemplo.com
Manuela Correia;m.correia@exemplo.com
Maitê Silveira;m.silveira@exemplo.com
Melissa Souza;m.souza@exemplo.com
Eduarda Freitas;e.freitas@exemplo.com
Caroline Pires;c.pires@exemplo.com
Luiz Felipe Martins;l.felipe@exemplo.com
João Felipe Cardoso;j.felipe@exemplo.com
Ana Laura Castro;a.laura@exemplo.com
Dr. Eduardo da Luz;d.eduardo@exemplo.com
Bianca Mendes;b.mendes@exemplo.com
Maitê Mendes;m.mendes@exemplo.com
Joana Rocha;j.rocha@exemplo.com
Luiz Henrique Ferreira;l.henrique@exemplo.com
Sr. João Lucas Fernandes;s.joão@exemplo.com
João Vitor da Costa;j.vitor@exemplo.com
Bernardo Duarte;b.duarte@exemplo.com
Breno Porto;b.porto@exemplo.com
Olivia Vieira;o.vieira@exemplo.com
João Guilherme Carvalho;j.guilherme@exemplo.com
Lorenzo Aragão;l.aragão@exemplo.com
Natália Azevedo;n.azevedo@exemplo.com
Dr. Bryan Souza;d.bryan@exemplo.com
Isabella Vieira;i.vieira@exemplo.com
Miguel Moura;m.moura@exemplo.com
Amanda Fogaça;a.fogaça@exemplo.com
Daniel Monteiro;d.monteiro@exemplo.com
Evelyn Correia;e.correia@exemplo.com
Kevin Silveira;k.silveira@exemplo.com
Sofia da Cunha;s.da@exemplo.com
Isabelly Campos;i.campos@exemplo.com
Ana Julia Mendes;a.julia@exemplo.com
Ana Clara Rezende;a.clara@exemplo.com
Nicolas Monteiro;n.monteiro@exemplo.com
Marcelo da Paz;m.da@exemplo.com
Dr. Cauê Costela;d.cauê@exemplo.com
Luiz Henrique Araújo;l.henrique@exemplo.com
Cecília Barbosa;c.barbosa@exemplo.com
Dr. Miguel Nunes;d.miguel@exemplo.com
Dr. Joaquim da Cruz;d.joaquim@exemplo.com
Lara da Cunha;l.da@exemplo.com
Sr. João Aragão;s.joão@exemplo.com
Pedro Lucas Moura;p.lucas@exemplo.com
Sr. Luiz Felipe da Costa;s.luiz@exemplo.com
Sra. Marcela Cardoso;s.marcela@exemplo.com
Luiz Henrique Moraes;l.henrique@exemplo.com
Dr. Carlos Eduardo Rodrigues;d.carlos@exemplo.com
Emanuelly Castro;e.castro@exemplo.com
Calebe Alves;c.alves@exemplo.com
Enzo Gabriel Dias;e.gabriel@exemplo.com
Dra. Ana Lívia da Costa;d.ana@exemplo.com
Ana Clara Lopes;a.clara@exemplo.com
Maitê Gomes;m.gomes@exemplo.com
Pietro Cardoso;p.cardoso@exemplo.com
Marina Teixeira;m.teixeira@exemplo.com
Isaac Lopes;i.lopes@exemplo.com
Larissa Farias;l.farias@exemplo.com
Levi da Mata;l.da@exemplo.com
Luiz Fernando Teixeira;l.fernando@exemplo.com
Isadora Araújo;i.araújo@exemplo.com
Isaac Novaes;i.novaes@exemplo.com
Caroline Rezende;c.rezende@exemplo.com
Maria Julia Peixoto;m.julia@exemplo.com
Mirella Costela;m.costela@exemplo.com
Marcela Ribeiro;m.ribeiro@exemplo.com
Noah Alves;n.alves@exemplo.com
Alana Cardoso;a.cardoso@exemplo.com
Maria Vitória Moura;m.vitória@exemplo.com
Dr. Ryan Nogueira;d.ryan@exemplo.com
Sr. Bruno Lima;s.bruno@exemplo.com
Alexia Silveira;a.silveira@exemplo.com
Dr. Luiz Fernando Mendes;d.luiz@exemplo.com
Carlos Eduardo Azevedo;c.eduardo@exemplo.com
Luna Fogaça;l.fogaça@exemplo.com
Bárbara da Luz;b.da@exemplo.com
Alana Moura;a.moura@exemplo.com
Sra. Rafaela das Neves;s.rafaela@exemplo.com
Danilo Pereira;d.pereira@exemplo.com
Ryan Oliveira;r.oliveira@exemplo.com
Emanuelly Martins;e.martins@exemplo.com
Sr. Vinicius Peixoto;s.vinicius@exemplo.com
Maitê da Cunha;m.da@exemplo.com
Caio Cunha;c.cunha@exemplo.com
Srta. Clarice Freitas;s.clarice@exemplo.com
Francisco Pinto;f.pinto@exemplo.com
Dra. Raquel Rezende;d.raquel@exemplo.com
Sr. Davi Luiz da Conceição;s.davi@exemplo.com
Marcelo Azevedo;m.azevedo@exemplo.com
Vitor da Rocha;v.da@exemplo.com
Lavínia da Mota;l.da@exemplo.com
Augusto das Neves;a.das@exemplo.com
Alana da Mata;a.da@exemplo.com
Pedro Miguel Martins;p.miguel@exemplo.com
Eduarda Nascimento;e.nascimento@exemplo.com
Leandro Viana;l.viana@exemplo.com
Raul das Neves;r.das@exemplo.com
Heitor Ribeiro;h.ribeiro@exemplo.com
Lara da Rosa;l.da@exemplo.com
Dr. Davi da Cruz;d.davi@exemplo.com
Olivia Cardoso;o.cardoso@exemplo.com
Theo Costa;t.costa@exemplo.com
Igor Viana;i.viana@exemplo.com
Ian Silveira;i.silveira@exemplo.com
Ana Julia Monteiro;a.julia@exemplo.com
Davi Lucca Nunes;d.lucca@exemplo.com
Heloísa Novaes;h.novaes@exemplo.com
Emanuella Sales;e.sales@exemplo.com
Matheus Campos;m.campos@exemplo.com
Luiz Fernando da Conceição;l.fernando@exemplo.com
Mariana Moraes;m.moraes@exemplo.com
Luiz Otávio Aragão;l.otávio@exemplo.com
Igor Ferreira;i.ferreira@exemplo.com
Thiago Ribeiro;t.ribeiro@exemplo.com
Vicente da Mata;v.da@exemplo.com
Ana Laura da Mata;a.laura@exemplo.com
Juan da Luz;j.da@exemplo.com
Breno Moraes;b.moraes@exemplo.com
Maria da Rosa;m.da@exemplo.com
Raquel Ribeiro;r.ribeiro@exemplo.com
Emanuel Porto;e.porto@exemplo.com